temperature,PCE
24.9397590361446,18.3233413654618
40,17.8013333333333
54.9397590361446,17.2713413654618
69.7590361445783,16.7893654618474
84.9397590361446,16.3953413654618
